Ticker,Type,Strike,Expiry_Years,Underlying_Price,Bid,Ask,Implied_Volatility,Risk_Free_Rate
,Call,550.0,0.09856262833675565,769.5999755859375,219.72,223.11,0.5850871569824219,0.04671999931335449
,Call,590.0,0.09856262833675565,769.5999755859375,179.98,183.41,0.5610395458984375,0.04671999931335449
,Call,600.0,0.09856262833675565,769.5999755859375,170.05,173.49,0.5351608984375,0.04671999931335449
,Call,640.0,0.09856262833675565,769.5999755859375,130.39,133.86,0.43326372406005864,0.04671999931335449
,Call,645.0,0.09856262833675565,769.5999755859375,125.45,128.84,0.4187680194091796,0.04671999931335449
,Call,660.0,0.09856262833675565,769.5999755859375,110.71,114.12,0.3836731555175781,0.04671999931335449
,Call,670.0,0.09856262833675565,769.5999755859375,100.8,104.28,0.3591372680664062,0.04671999931335449
,Call,675.0,0.09856262833675565,769.5999755859375,95.89,99.37,0.3469303588867187,0.04671999931335449
,Call,680.0,0.09856262833675565,769.5999755859375,91.05,94.44,0.3341741387939453,0.04671999931335449
,Call,685.0,0.09856262833675565,769.5999755859375,86.14,89.5,0.32117378051757806,0.04671999931335449
,Call,690.0,0.09856262833675565,769.5999755859375,81.45,84.68,0.31037066589355466,0.04671999931335449
,Call,695.0,0.09856262833675565,769.5999755859375,76.59,79.56,0.2936472003173828,0.04671999931335449
,Call,700.0,0.09856262833675565,769.5999755859375,71.75,74.99,0.2869944348144531,0.04671999931335449
,Call,710.0,0.09856262833675565,769.5999755859375,62.14,65.19,0.26081061462402344,0.04671999931335449
,Call,715.0,0.09856262833675565,769.5999755859375,57.22,60.66,0.2532728482055664,0.04671999931335449
,Call,720.0,0.09856262833675565,769.5999755859375,52.67,55.79,0.2398147308349609,0.04671999931335449
,Call,721.0,0.09856262833675565,769.5999755859375,51.73,54.87,0.23792265991210934,0.04671999931335449
,Call,723.0,0.09856262833675565,769.5999755859375,49.87,52.97,0.23313144805908204,0.04671999931335449
,Call,725.0,0.09856262833675565,769.5999755859375,48.15,51.03,0.22766885620117186,0.04671999931335449
,Call,727.0,0.09856262833675565,769.5999755859375,47.52,47.93,0.20523866058349605,0.04671999931335449
,Call,728.0,0.09856262833675565,769.5999755859375,46.63,47.01,0.2033465896606445,0.04671999931335449
,Call,730.0,0.09856262833675565,769.5999755859375,44.76,45.16,0.19931830963134767,0.04671999931335449
,Call,733.0,0.09856262833675565,769.5999755859375,42.11,42.45,0.1940083041381836,0.04671999931335449
,Call,737.0,0.09856262833675565,769.5999755859375,38.54,38.89,0.18706562454223635,0.04671999931335449
,Call,738.0,0.09856262833675565,769.5999755859375,37.62,37.98,0.18497519134521478,0.04671999931335449
,Call,740.0,0.09856262833675565,769.5999755859375,35.87,36.22,0.18141992904663085,0.04671999931335449
,Call,741.0,0.09856262833675565,769.5999755859375,33.99,36.39,0.19275709594726562,0.04671999931335449
,Call,743.0,0.09856262833675565,769.5999755859375,33.27,33.6,0.17600311309814454,0.04671999931335449
,Call,745.0,0.09856262833675565,769.5999755859375,31.53,31.87,0.17237155761718753,0.04671999931335449
,Call,748.0,0.09856262833675565,769.5999755859375,29.04,29.35,0.16738198348999023,0.04671999931335449
,Call,749.0,0.09856262833675565,769.5999755859375,28.24,28.55,0.16605448211669926,0.04671999931335449
,Call,750.0,0.09856262833675565,769.5999755859375,27.4,27.67,0.16376568664550784,0.04671999931335449
,Call,752.0,0.09856262833675565,769.5999755859375,25.76,26.06,0.16068344207763674,0.04671999931335449
,Call,755.0,0.09856262833675565,769.5999755859375,23.4,23.69,0.15604481658935548,0.04671999931335449
,Call,756.0,0.09856262833675565,769.5999755859375,21.55,22.91,0.1544579183959961,0.04671999931335449
,Call,757.0,0.09856262833675565,769.5999755859375,21.89,22.15,0.15300834793090823,0.04671999931335449
,Call,758.0,0.09856262833675565,769.5999755859375,21.14,21.36,0.15116205291748053,0.04671999931335449
,Call,760.0,0.09856262833675565,769.5999755859375,19.67,19.87,0.14815610153198244,0.04671999931335449
,Call,761.0,0.09856262833675565,769.5999755859375,18.91,19.13,0.14656920333862306,0.04671999931335449
,Call,762.0,0.09856262833675565,769.5999755859375,18.19,18.41,0.1451196328735352,0.04671999931335449
,Call,763.0,0.09856262833675565,769.5999755859375,17.48,17.72,0.14386842468261718,0.04671999931335449
,Call,764.0,0.09856262833675565,769.5999755859375,16.77,17.02,0.1424035955810547,0.04671999931335449
,Call,765.0,0.09856262833675565,769.5999755859375,16.12,16.33,0.14096928375244144,0.04671999931335449
,Call,766.0,0.09856262833675565,769.5999755859375,15.45,15.63,0.1393213510131836,0.04671999931335449
,Call,767.0,0.09856262833675565,769.5999755859375,14.8,14.98,0.13805488418579104,0.04671999931335449
,Call,768.0,0.09856262833675565,769.5999755859375,14.2,14.25,0.13588815780639651,0.04671999931335449
,Call,769.0,0.09856262833675565,769.5999755859375,13.6,13.65,0.1349268637084961,0.04671999931335449
,Call,770.0,0.09856262833675565,769.5999755859375,12.99,13.04,0.13373669006347655,0.04671999931335449
,Call,771.0,0.09856262833675565,769.5999755859375,12.39,12.44,0.13251599914550782,0.04671999931335449
,Call,772.0,0.09856262833675565,769.5999755859375,11.8,11.85,0.13129530822753904,0.04671999931335449
,Call,773.0,0.09856262833675565,769.5999755859375,11.24,11.29,0.1302272036743164,0.04671999931335449
,Call,774.0,0.09856262833675565,769.5999755859375,10.67,10.71,0.12885392639160154,0.04671999931335449
,Call,775.0,0.09856262833675565,769.5999755859375,10.15,10.19,0.127938408203125,0.04671999931335449
,Call,776.0,0.09856262833675565,769.5999755859375,9.64,9.69,0.12709918319702146,0.04671999931335449
,Call,777.0,0.09856262833675565,769.5999755859375,9.11,9.16,0.12581745773315428,0.04671999931335449
,Call,778.0,0.09856262833675565,769.5999755859375,8.6,8.65,0.12459676681518556,0.04671999931335449
,Call,779.0,0.09856262833675565,769.5999755859375,8.12,8.17,0.1235439208984375,0.04671999931335449
,Call,780.0,0.09856262833675565,769.5999755859375,7.69,7.74,0.12285728225708009,0.04671999931335449
,Call,781.0,0.09856262833675565,769.5999755859375,7.25,7.3,0.1219265054321289,0.04671999931335449
,Call,782.0,0.09856262833675565,769.5999755859375,6.83,6.87,0.12096521133422852,0.04671999931335449
,Call,783.0,0.09856262833675565,769.5999755859375,6.42,6.47,0.12015650360107422,0.04671999931335449
,Call,784.0,0.09856262833675565,769.5999755859375,6.02,6.06,0.11908839904785155,0.04671999931335449
,Call,785.0,0.09856262833675565,769.5999755859375,5.65,5.68,0.11820339813232422,0.04671999931335449
,Call,786.0,0.09856262833675565,769.5999755859375,5.29,5.32,0.11737943176269532,0.04671999931335449
,Call,787.0,0.09856262833675565,769.5999755859375,4.96,5.0,0.11686063812255859,0.04671999931335449
,Call,788.0,0.09856262833675565,769.5999755859375,4.63,4.67,0.1160671890258789,0.04671999931335449
,Call,789.0,0.09856262833675565,769.5999755859375,4.33,4.36,0.11533477447509766,0.04671999931335449
,Call,790.0,0.09856262833675565,769.5999755859375,4.03,4.06,0.1145718426513672,0.04671999931335449
,Call,791.0,0.09856262833675565,769.5999755859375,3.76,3.79,0.11402253173828125,0.04671999931335449
,Call,792.0,0.09856262833675565,769.5999755859375,3.51,3.55,0.11371735900878906,0.04671999931335449
,Call,793.0,0.09856262833675565,769.5999755859375,3.26,3.29,0.11298494445800782,0.04671999931335449
,Call,794.0,0.09856262833675565,769.5999755859375,3.03,3.06,0.1124966680908203,0.04671999931335449
,Call,795.0,0.09856262833675565,769.5999755859375,2.79,2.82,0.1116727017211914,0.04671999931335449
,Call,796.0,0.09856262833675565,769.5999755859375,2.6,2.63,0.11142856353759764,0.04671999931335449
,Call,797.0,0.09856262833675565,769.5999755859375,2.41,2.44,0.1110318389892578,0.04671999931335449
,Call,798.0,0.09856262833675565,769.5999755859375,2.22,2.24,0.11029942443847655,0.04671999931335449
,Call,799.0,0.09856262833675565,769.5999755859375,2.04,2.07,0.1098721826171875,0.04671999931335449
,Call,800.0,0.09856262833675565,769.5999755859375,1.89,1.92,0.10962804443359375,0.04671999931335449
,Call,801.0,0.09856262833675565,769.5999755859375,1.74,1.76,0.10904821624755859,0.04671999931335449
,Call,802.0,0.09856262833675565,769.5999755859375,1.6,1.63,0.10886511260986328,0.04671999931335449
,Call,803.0,0.09856262833675565,769.5999755859375,1.46,1.49,0.10831580169677735,0.04671999931335449
,Call,804.0,0.09856262833675565,769.5999755859375,1.36,1.38,0.10822424987792968,0.04671999931335449
,Call,805.0,0.09856262833675565,769.5999755859375,1.24,1.26,0.1077359735107422,0.04671999931335449
,Call,806.0,0.09856262833675565,769.5999755859375,1.13,1.16,0.10755286987304688,0.04671999931335449
,Call,807.0,0.09856262833675565,769.5999755859375,1.04,1.07,0.10743080078125,0.04671999931335449
,Call,808.0,0.09856262833675565,769.5999755859375,0.95,0.97,0.10688148986816406,0.04671999931335449
,Call,809.0,0.09856262833675565,769.5999755859375,0.87,0.89,0.10669838623046876,0.04671999931335449
,Call,810.0,0.09856262833675565,769.5999755859375,0.81,0.82,0.10669838623046876,0.04671999931335449
,Call,811.0,0.09856262833675565,769.5999755859375,0.74,0.76,0.10682045532226564,0.04671999931335449
,Call,812.0,0.09856262833675565,769.5999755859375,0.67,0.69,0.106454248046875,0.04671999931335449
,Call,813.0,0.09856262833675565,769.5999755859375,0.62,0.63,0.10633217895507813,0.04671999931335449
,Call,814.0,0.09856262833675565,769.5999755859375,0.57,0.58,0.10633217895507813,0.04671999931335449
,Call,815.0,0.09856262833675565,769.5999755859375,0.51,0.53,0.10621010986328125,0.04671999931335449
,Call,816.0,0.09856262833675565,769.5999755859375,0.47,0.49,0.10639321350097657,0.04671999931335449
,Call,817.0,0.09856262833675565,769.5999755859375,0.44,0.45,0.106454248046875,0.04671999931335449
,Call,818.0,0.09856262833675565,769.5999755859375,0.4,0.41,0.10633217895507813,0.04671999931335449
,Call,819.0,0.09856262833675565,769.5999755859375,0.37,0.38,0.10657631713867188,0.04671999931335449
,Call,820.0,0.09856262833675565,769.5999755859375,0.34,0.35,0.10669838623046876,0.04671999931335449
,Call,821.0,0.09856262833675565,769.5999755859375,0.31,0.33,0.10730873168945312,0.04671999931335449
,Call,822.0,0.09856262833675565,769.5999755859375,0.28,0.3,0.10718666259765625,0.04671999931335449
,Call,823.0,0.09856262833675565,769.5999755859375,0.26,0.28,0.10755286987304688,0.04671999931335449
,Call,824.0,0.09856262833675565,769.5999755859375,0.24,0.26,0.1079190771484375,0.04671999931335449
,Call,825.0,0.09856262833675565,769.5999755859375,0.22,0.24,0.10816321533203124,0.04671999931335449
,Call,830.0,0.09856262833675565,769.5999755859375,0.16,0.17,0.11011632080078124,0.04671999931335449
,Call,835.0,0.09856262833675565,769.5999755859375,0.12,0.13,0.1132901171875,0.04671999931335449
,Call,840.0,0.09856262833675565,769.5999755859375,0.1,0.11,0.1176846044921875,0.04671999931335449
,Call,845.0,0.09856262833675565,769.5999755859375,0.08,0.09,0.1215908154296875,0.04671999931335449
,Call,850.0,0.09856262833675565,769.5999755859375,0.07,0.08,0.12647357910156248,0.04671999931335449
,Call,855.0,0.09856262833675565,769.5999755859375,0.06,0.07,0.13086806640624998,0.04671999931335449
,Call,860.0,0.09856262833675565,769.5999755859375,0.05,0.06,0.13477427734375003,0.04671999931335449
,Call,865.0,0.09856262833675565,769.5999755859375,0.04,0.05,0.1381922119140625,0.04671999931335449
,Call,870.0,0.09856262833675565,769.5999755859375,0.03,0.04,0.14112187011718752,0.04671999931335449
,Call,880.0,0.09856262833675565,769.5999755859375,0.02,0.03,0.148446015625,0.04671999931335449
,Call,885.0,0.09856262833675565,769.5999755859375,0.02,0.03,0.15430533203125002,0.04671999931335449
,Call,895.0,0.09856262833675565,769.5999755859375,0.02,0.03,0.165047412109375,0.04671999931335449
,Call,900.0,0.09856262833675565,769.5999755859375,0.01,0.02,0.16407085937500002,0.04671999931335449
,Call,910.0,0.09856262833675565,769.5999755859375,0.01,0.02,0.174812939453125,0.04671999931335449
,Call,915.0,0.09856262833675565,769.5999755859375,0.01,0.02,0.179695703125,0.04671999931335449
,Call,920.0,0.09856262833675565,769.5999755859375,0.01,0.02,0.18555501953124998,0.04671999931335449
,Call,925.0,0.09856262833675565,769.5999755859375,0.01,0.02,0.18946123046875002,0.04671999931335449
,Put,500.0,0.09856262833675565,769.5999755859375,0.09,0.1,0.49219257812500006,0.04671999931335449
,Put,520.0,0.09856262833675565,769.5999755859375,0.12,0.13,0.463872548828125,0.04671999931335449
,Put,525.0,0.09856262833675565,769.5999755859375,0.13,0.14,0.45703667968750006,0.04671999931335449
,Put,535.0,0.09856262833675565,769.5999755859375,0.15,0.16,0.44287666503906253,0.04671999931335449
,Put,540.0,0.09856262833675565,769.5999755859375,0.16,0.17,0.43555251953125,0.04671999931335449
,Put,545.0,0.09856262833675565,769.5999755859375,0.18,0.19,0.43066975585937506,0.04671999931335449
,Put,550.0,0.09856262833675565,769.5999755859375,0.19,0.2,0.422857333984375,0.04671999931335449
,Put,555.0,0.09856262833675565,769.5999755859375,0.2,0.21,0.415044912109375,0.04671999931335449
,Put,560.0,0.09856262833675565,769.5999755859375,0.22,0.23,0.40918559570312496,0.04671999931335449
,Put,565.0,0.09856262833675565,769.5999755859375,0.23,0.24,0.4008848974609375,0.04671999931335449
,Put,575.0,0.09856262833675565,769.5999755859375,0.27,0.28,0.38794557373046873,0.04671999931335449
,Put,580.0,0.09856262833675565,769.5999755859375,0.29,0.3,0.3811097045898437,0.04671999931335449
,Put,585.0,0.09856262833675565,769.5999755859375,0.31,0.32,0.37402969726562496,0.04671999931335449
,Put,590.0,0.09856262833675565,769.5999755859375,0.33,0.34,0.36646141357421874,0.04671999931335449
,Put,595.0,0.09856262833675565,769.5999755859375,0.35,0.36,0.3588931298828125,0.04671999931335449
,Put,600.0,0.09856262833675565,769.5999755859375,0.38,0.39,0.352545537109375,0.04671999931335449
,Put,605.0,0.09856262833675565,769.5999755859375,0.4,0.41,0.34448897705078124,0.04671999931335449
,Put,610.0,0.09856262833675565,769.5999755859375,0.43,0.44,0.33765310791015624,0.04671999931335449
,Put,615.0,0.09856262833675565,769.5999755859375,0.46,0.47,0.33045103149414057,0.04671999931335449
,Put,620.0,0.09856262833675565,769.5999755859375,0.49,0.5,0.32300481689453114,0.04671999931335449
,Put,625.0,0.09856262833675565,769.5999755859375,0.53,0.54,0.3161689477539062,0.04671999931335449
,Put,630.0,0.09856262833675565,769.5999755859375,0.57,0.58,0.3092110095214844,0.04671999931335449
,Put,635.0,0.09856262833675565,769.5999755859375,0.61,0.63,0.30261927856445314,0.04671999931335449
,Put,640.0,0.09856262833675565,769.5999755859375,0.65,0.66,0.29431858032226554,0.04671999931335449
,Put,645.0,0.09856262833675565,769.5999755859375,0.7,0.71,0.28711650390624993,0.04671999931335449
,Put,650.0,0.09856262833675565,769.5999755859375,0.76,0.77,0.28040270385742183,0.04671999931335449
,Put,655.0,0.09856262833675565,769.5999755859375,0.81,0.82,0.27259028198242186,0.04671999931335449
,Put,660.0,0.09856262833675565,769.5999755859375,0.87,0.89,0.26569337829589845,0.04671999931335449
,Put,665.0,0.09856262833675565,769.5999755859375,0.95,0.96,0.25843026733398444,0.04671999931335449
,Put,670.0,0.09856262833675565,769.5999755859375,1.02,1.04,0.2512281909179687,0.04671999931335449
,Put,675.0,0.09856262833675565,769.5999755859375,1.11,1.13,0.24414818359375,0.04671999931335449
,Put,680.0,0.09856262833675565,769.5999755859375,1.21,1.22,0.23657989990234374,0.04671999931335449
,Put,685.0,0.09856262833675565,769.5999755859375,1.32,1.34,0.22974403076171873,0.04671999931335449
,Put,690.0,0.09856262833675565,769.5999755859375,1.44,1.46,0.2224198852539062,0.04671999931335449
,Put,695.0,0.09856262833675565,769.5999755859375,1.59,1.62,0.215828154296875,0.04671999931335449
,Put,700.0,0.09856262833675565,769.5999755859375,1.75,1.77,0.20832090515136714,0.04671999931335449
,Put,705.0,0.09856262833675565,769.5999755859375,1.95,1.97,0.20160710510253904,0.04671999931335449
,Put,710.0,0.09856262833675565,769.5999755859375,2.17,2.19,0.19464916687011719,0.04671999931335449
,Put,715.0,0.09856262833675565,769.5999755859375,2.44,2.46,0.1880269186401367,0.04671999931335449
,Put,720.0,0.09856262833675565,769.5999755859375,2.74,2.76,0.18116053222656248,0.04671999931335449
,Put,721.0,0.09856262833675565,769.5999755859375,2.81,2.84,0.18006191040039063,0.04671999931335449
,Put,722.0,0.09856262833675565,769.5999755859375,2.88,2.91,0.178719150390625,0.04671999931335449
,Put,723.0,0.09856262833675565,769.5999755859375,2.95,2.97,0.1771627694702148,0.04671999931335449
,Put,724.0,0.09856262833675565,769.5999755859375,3.04,3.06,0.17609466491699222,0.04671999931335449
,Put,725.0,0.09856262833675565,769.5999755859375,3.1,3.13,0.1746298358154297,0.04671999931335449
,Put,726.0,0.09856262833675565,769.5999755859375,3.19,3.2,0.17313448944091797,0.04671999931335449
,Put,727.0,0.09856262833675565,769.5999755859375,3.27,3.29,0.17194431579589847,0.04671999931335449
,Put,728.0,0.09856262833675565,769.5999755859375,3.35,3.38,0.17072362487792972,0.04671999931335449
,Put,729.0,0.09856262833675565,769.5999755859375,3.45,3.48,0.1695944857788086,0.04671999931335449
,Put,730.0,0.09856262833675565,769.5999755859375,3.54,3.56,0.1680686221313477,0.04671999931335449
,Put,731.0,0.09856262833675565,769.5999755859375,3.63,3.65,0.16669534484863285,0.04671999931335449
,Put,732.0,0.09856262833675565,769.5999755859375,3.72,3.75,0.16541361938476565,0.04671999931335449
,Put,733.0,0.09856262833675565,769.5999755859375,3.82,3.84,0.1639182730102539,0.04671999931335449
,Put,734.0,0.09856262833675565,769.5999755859375,3.93,3.96,0.16285016845703126,0.04671999931335449
,Put,735.0,0.09856262833675565,769.5999755859375,4.04,4.07,0.16156844299316403,0.04671999931335449
,Put,736.0,0.09856262833675565,769.5999755859375,4.15,4.18,0.16022568298339845,0.04671999931335449
,Put,737.0,0.09856262833675565,769.5999755859375,4.26,4.29,0.1588524057006836,0.04671999931335449
,Put,738.0,0.09856262833675565,769.5999755859375,4.4,4.42,0.15769274932861327,0.04671999931335449
,Put,739.0,0.09856262833675565,769.5999755859375,4.51,4.54,0.15631947204589847,0.04671999931335449
,Put,740.0,0.09856262833675565,769.5999755859375,4.64,4.67,0.1550377465820313,0.04671999931335449
,Put,741.0,0.09856262833675565,769.5999755859375,4.77,4.8,0.15367972793579104,0.04671999931335449
,Put,742.0,0.09856262833675565,769.5999755859375,4.91,4.94,0.15241326110839848,0.04671999931335449
,Put,743.0,0.09856262833675565,769.5999755859375,5.06,5.09,0.15119257019042973,0.04671999931335449
,Put,744.0,0.09856262833675565,769.5999755859375,5.2,5.23,0.14978877563476564,0.04671999931335449
,Put,745.0,0.09856262833675565,769.5999755859375,5.35,5.38,0.148446015625,0.04671999931335449
,Put,746.0,0.09856262833675565,769.5999755859375,5.51,5.54,0.1471642901611328,0.04671999931335449
,Put,747.0,0.09856262833675565,769.5999755859375,5.7,5.74,0.14630980651855469,0.04671999931335449
,Put,748.0,0.09856262833675565,769.5999755859375,5.86,5.9,0.14487549468994143,0.04671999931335449
,Put,749.0,0.09856262833675565,769.5999755859375,6.05,6.08,0.1436090278625488,0.04671999931335449
,Put,750.0,0.09856262833675565,769.5999755859375,6.24,6.27,0.14238833694458009,0.04671999931335449
,Put,751.0,0.09856262833675565,769.5999755859375,6.42,6.45,0.14096928375244144,0.04671999931335449
,Put,752.0,0.09856262833675565,769.5999755859375,6.63,6.67,0.13993169647216797,0.04671999931335449
,Put,753.0,0.09856262833675565,769.5999755859375,6.83,6.86,0.13846686737060548,0.04671999931335449
,Put,754.0,0.09856262833675565,769.5999755859375,7.07,7.1,0.13749031463623052,0.04671999931335449
,Put,755.0,0.09856262833675565,769.5999755859375,7.29,7.33,0.13631539962768557,0.04671999931335449
,Put,756.0,0.09856262833675565,769.5999755859375,7.52,7.56,0.1350336741638184,0.04671999931335449
,Put,757.0,0.09856262833675565,769.5999755859375,7.75,7.79,0.13367565551757812,0.04671999931335449
,Put,758.0,0.09856262833675565,769.5999755859375,8.02,8.06,0.1326380682373047,0.04671999931335449
,Put,759.0,0.09856262833675565,769.5999755859375,8.27,8.31,0.13129530822753904,0.04671999931335449
,Put,760.0,0.09856262833675565,769.5999755859375,8.57,8.61,0.13037979003906247,0.04671999931335449
,Put,761.0,0.09856262833675565,769.5999755859375,8.83,8.87,0.12894547821044922,0.04671999931335449
,Put,762.0,0.09856262833675565,769.5999755859375,9.12,9.16,0.12770952865600588,0.04671999931335449
,Put,763.0,0.09856262833675565,769.5999755859375,9.44,9.48,0.126687200012207,0.04671999931335449
,Put,764.0,0.09856262833675565,769.5999755859375,9.75,9.79,0.12543599182128906,0.04671999931335449
,Put,765.0,0.09856262833675565,769.5999755859375,10.08,10.13,0.12436788726806641,0.04671999931335449
,Put,766.0,0.09856262833675565,769.5999755859375,10.45,10.49,0.12340659317016603,0.04671999931335449
,Put,767.0,0.09856262833675565,769.5999755859375,10.8,10.84,0.12220116088867189,0.04671999931335449
,Put,768.0,0.09856262833675565,769.5999755859375,11.18,11.21,0.1210872804260254,0.04671999931335449
,Put,769.0,0.09856262833675565,769.5999755859375,11.53,11.57,0.11974452041625974,0.04671999931335449
,Put,770.0,0.09856262833675565,769.5999755859375,11.93,11.98,0.11876796768188475,0.04671999931335449
,Put,771.0,0.09856262833675565,769.5999755859375,12.35,12.4,0.11776089767456055,0.04671999931335449
,Put,772.0,0.09856262833675565,769.5999755859375,12.79,12.83,0.1167080517578125,0.04671999931335449
,Put,773.0,0.09856262833675565,769.5999755859375,13.2,13.25,0.11541106765747072,0.04671999931335449
,Put,774.0,0.09856262833675565,769.5999755859375,13.67,13.72,0.11448029083251954,0.04671999931335449
,Put,775.0,0.09856262833675565,769.5999755859375,14.15,14.19,0.11339692764282225,0.04671999931335449
,Put,776.0,0.09856262833675565,769.5999755859375,14.58,14.73,0.11287813400268554,0.04671999931335449
,Put,777.0,0.09856262833675565,769.5999755859375,15.07,15.22,0.11168796035766601,0.04671999931335449
,Put,778.0,0.09856262833675565,769.5999755859375,15.61,15.79,0.11118442535400389,0.04671999931335449
,Put,779.0,0.09856262833675565,769.5999755859375,16.14,16.29,0.10976537216186524,0.04671999931335449
,Put,780.0,0.09856262833675565,769.5999755859375,16.71,16.88,0.10913976806640624,0.04671999931335449
,Put,781.0,0.09856262833675565,769.5999755859375,17.27,17.48,0.10846838806152344,0.04671999931335449
,Put,783.0,0.09856262833675565,769.5999755859375,18.46,18.68,0.1065915757751465,0.04671999931335449
,Put,784.0,0.09856262833675565,769.5999755859375,19.05,19.33,0.10596597167968749,0.04671999931335449
,Put,785.0,0.09856262833675565,769.5999755859375,19.73,19.95,0.10479105667114258,0.04671999931335449
,Put,786.0,0.09856262833675565,769.5999755859375,20.37,20.62,0.10401286621093749,0.04671999931335449
,Put,787.0,0.09856262833675565,769.5999755859375,21.04,21.3,0.10318889984130858,0.04671999931335449
,Put,788.0,0.09856262833675565,769.5999755859375,21.72,21.94,0.10163251892089843,0.04671999931335449
,Put,790.0,0.09856262833675565,769.5999755859375,23.14,23.4,0.10022872436523436,0.04671999931335449
,Put,791.0,0.09856262833675565,769.5999755859375,23.87,24.17,0.0997709652709961,0.04671999931335449
,Put,795.0,0.09856262833675565,769.5999755859375,26.94,27.24,0.09568165069580079,0.04671999931335449
,Put,800.0,0.09856262833675565,769.5999755859375,31.07,31.47,0.09205009521484375,0.04671999931335449
,Put,810.0,0.09856262833675565,769.5999755859375,38.94,42.08,0.12741961456298828,0.04671999931335449
,Put,823.0,0.09856262833675565,769.5999755859375,51.72,55.12,0.15601429931640626,0.04671999931335449
,Put,824.0,0.09856262833675565,769.5999755859375,52.72,56.15,0.1588218884277344,0.04671999931335449
,Put,855.0,0.09856262833675565,769.5999755859375,83.72,87.13,0.21869677795410153,0.04671999931335449
,Put,865.0,0.09856262833675565,769.5999755859375,93.72,97.13,0.23688507263183595,0.04671999931335449
,Put,870.0,0.09856262833675565,769.5999755859375,98.72,102.15,0.24646749633789064,0.04671999931335449
